pos_1,pos_2,pos_3,pos_4,pos_5,pos_6,pos_7,pos_8,pos_9,pos_10,pos_11,pos_12,pos_13,pos_14,pos_15,pos_16,pos_17,pos_18,pos_19,pos_20,pos_21,pos_22,pos_23,pos_24,pos_25,pos_26,pos_27,pos_28,pos_29,pos_30,pos_31,pos_32,pos_33,pos_34,pos_35,pos_36,pos_37,pos_38,pos_39,pos_40,pos_41,pos_42,pos_43,pos_44,pos_45,pos_46,pos_47,pos_48,pos_49,pos_50,pos_51,pos_52,pos_53,pos_54,pos_55,pos_56,pos_57,pos_58,pos_59,pos_60,pos_61,pos_62,pos_63,pos_64,pos_65,pos_66,pos_67,pos_68,pos_69,pos_70,pos_71,pos_72,pos_73,pos_74,pos_75,pos_76,pos_77,pos_78,pos_79,pos_80,pos_81,pos_82,pos_83,pos_84,pos_85,pos_86,pos_87,pos_88,pos_89,pos_90,pos_91,pos_92,pos_93,pos_94,pos_95,pos_96,pos_97,pos_98,pos_99,pos_100,pos_101,pos_102,pos_103,pos_104,pos_105,pos_106,pos_107,pos_108,pos_109,pos_110,pos_111,pos_112,pos_113,pos_114,pos_115,pos_116,pos_117,pos_118,pos_119,pos_120,pos_121,pos_122,pos_123,pos_124,pos_125,pos_126,pos_127,pos_128,pos_129,pos_130,pos_131,pos_132,pos_133,pos_134,pos_135,pos_136,pos_137,pos_138,pos_139,pos_140,pos_141,pos_142,pos_143,pos_144,pos_145,pos_146,pos_147,pos_148,pos_149,pos_150,pos_151,pos_152,pos_153,pos_154,pos_155,pos_156,pos_157,pos_158,pos_159,pos_160,pos_161,pos_162,pos_163,pos_164,pos_165,pos_166,pos_167,pos_168,pos_169,pos_170,pos_171,pos_172,pos_173,pos_174,pos_175,pos_176,pos_177,pos_178,pos_179,pos_180,pos_181,pos_182,pos_183,pos_184,pos_185,pos_186,pos_187,pos_188,pos_189,pos_190,pos_191,pos_192,pos_193,pos_194,pos_195,pos_196,pos_197,pos_198,pos_199,pos_200,pos_201,pos_202,pos_203,pos_204,pos_205,pos_206,pos_207,pos_208,pos_209,pos_210,pos_211,pos_212,pos_213,pos_214,pos_215,pos_216,pos_217,pos_218,pos_219,pos_220,pos_221,pos_222,pos_223,pos_224,pos_225,pos_226,pos_227,pos_228,pos_229,pos_230,pos_231,pos_232,pos_233,pos_234,pos_235,pos_236,pos_237,pos_238,pos_239,pos_240,pos_241,pos_242,pos_243,pos_244,pos_245,pos_246,pos_247,pos_248,pos_249,pos_250,pos_251,pos_252,pos_253,pos_254,pos_255,pos_256,pos_257,pos_258,pos_259,pos_260,pos_261,pos_262,pos_263,pos_264,pos_265,pos_266,pos_267,pos_268,pos_269,pos_270,pos_271,pos_272,pos_273,pos_274,pos_275,pos_276,pos_277,pos_278,pos_279,pos_280,pos_281,pos_282,pos_283,pos_284,pos_285,pos_286,pos_287,pos_288,pos_289,pos_290,pos_291,pos_292,pos_293,pos_294,pos_295,ID-Seq
-,-,-,-,-,-,-,-,-,-,-,-,-,-,-,-,-,-,-,-,-,-,-,-,-,T,T,W,E,A,-,-,-,-,-,-,-,-,-,-,-,-,-,-,-,-,-,-,-,-,-,-,-,-,-,-,-,-,-,-,-,W,D,R,A,-,-,-,-,-,-,-,-,-,-,-,-,-,-,-,-,-,-,-,-,I,A,E,Y,A,A,R,I,E,A,L,L,R,A,L,Q,E,Q,-,-,-,-,-,-,-,-,-,-,-,-,-,-,-,-,-,-,-,-,-,-,-,-,-,-,-,-,-,-,-,-,-,-,-,-,-,-,-,-,-,-,-,-,-,-,-,-,-,-,-,-,-,-,-,-,-,-,-,Q,E,K,N,E,A,A,L,R,-,-,-,-,-,-,-,-,-,-,-,-,E,L,-,-,-,-,-,-,-,-,-,-,-,-,-,-,-,-,-,-,-,-,-,-,-,-,-,G,G,G,-,-,-,-,-,G,S,G,G,G,G,S,-,-,-,-,-,-,-,-,-,Y,T,S,L,I,H,S,L,I,E,E,S,Q,N,Q,Q,E,K,N,E,Q,E,L,L,E,L,D,-,K,W,A,S,L,-,-,-,W,-,N,W,F,-,-,-,-,-,-,-,-,-,-,-,-,-,-,-,-,-,-,-,-,F4_TLT10
-,-,-,-,-,-,-,-,-,-,-,-,-,-,-,-,-,-,-,-,-,-,-,-,-,T,T,W,E,A,-,-,-,-,-,-,-,-,-,-,-,-,-,-,-,-,-,-,-,-,-,-,-,-,-,-,-,-,-,-,-,W,D,R,A,-,-,-,-,-,-,-,-,-,-,-,-,-,-,-,-,-,-,-,-,I,A,E,Y,A,A,R,I,E,A,L,L,R,A,L,Q,E,Q,-,-,-,-,-,-,-,-,-,-,-,-,-,-,-,-,-,-,-,-,-,-,-,-,-,-,-,-,-,-,-,-,-,-,-,-,-,-,-,-,-,-,-,-,-,-,-,-,-,-,-,-,-,-,-,-,-,-,-,Q,E,K,N,E,A,A,L,R,-,-,-,-,-,-,-,-,-,-,-,-,E,L,-,-,-,-,-,-,-,-,-,-,-,-,-,-,-,-,-,-,-,-,G,G,G,G,S,G,G,G,-,-,-,-,-,G,S,G,G,G,G,S,-,-,-,-,-,-,-,-,-,Y,T,S,L,I,H,S,L,I,E,E,S,Q,N,Q,Q,E,K,N,E,Q,E,L,L,E,L,D,-,K,W,A,S,L,-,-,-,W,-,N,W,F,-,-,-,-,-,-,-,-,-,-,-,-,-,-,-,-,-,-,-,-,F4_TLT15
-,-,-,-,-,-,-,-,-,-,-,-,-,-,-,-,-,-,-,-,-,-,-,-,-,T,T,W,E,A,-,-,-,-,-,-,-,-,-,-,-,-,-,-,-,-,-,-,-,-,-,-,-,-,-,-,-,-,-,-,-,W,D,R,A,-,-,-,-,-,-,-,-,-,-,-,-,-,-,-,-,-,-,-,-,I,A,E,Y,A,A,R,I,E,A,L,L,R,A,L,Q,E,Q,-,-,-,-,-,-,-,-,-,-,-,-,-,-,-,-,-,-,-,-,-,-,-,-,-,-,-,-,-,-,-,-,-,-,-,-,-,-,-,-,-,-,-,-,-,-,-,-,-,-,-,-,-,-,-,-,-,-,-,Q,E,K,N,E,A,A,L,R,-,-,-,-,-,-,-,-,-,-,-,-,E,L,-,-,-,-,-,-,-,-,-,-,-,-,-,-,-,G,G,G,G,S,S,G,G,G,S,G,G,G,-,-,-,-,-,G,S,G,G,G,G,S,-,-,-,-,-,-,-,-,-,Y,T,S,L,I,H,S,L,I,E,E,S,Q,N,Q,Q,E,K,N,E,Q,E,L,L,E,L,D,-,K,W,A,S,L,-,-,-,W,-,N,W,F,-,-,-,-,-,-,-,-,-,-,-,-,-,-,-,-,-,-,-,-,F4_TLT20
-,-,-,-,-,-,-,-,-,-,-,-,-,-,-,-,-,-,-,-,-,-,-,-,-,T,T,W,E,A,-,-,-,-,-,-,-,-,-,-,-,-,-,-,-,-,-,-,-,-,-,-,-,-,-,-,-,-,-,-,-,W,D,R,A,-,-,-,-,-,-,-,-,-,-,-,-,-,-,-,-,-,-,-,-,I,A,E,Y,A,A,R,I,E,A,L,L,R,A,L,Q,E,Q,-,-,-,-,-,-,-,-,-,-,-,-,-,-,-,-,-,-,-,-,-,-,-,-,-,-,-,-,-,-,-,-,-,-,-,-,-,-,-,-,-,-,-,-,-,-,-,-,-,-,-,-,-,-,-,-,-,-,-,Q,E,K,N,E,A,A,L,R,-,-,-,-,-,-,-,-,-,-,-,-,E,L,-,-,-,-,-,-,-,-,-,-,G,G,G,G,S,G,G,G,G,S,G,G,G,G,S,G,G,G,-,-,-,-,-,G,S,G,G,G,G,S,-,-,-,-,-,-,-,-,-,Y,T,S,L,I,H,S,L,I,E,E,S,Q,N,Q,Q,E,K,N,E,Q,E,L,L,E,L,D,-,K,W,A,S,L,-,-,-,W,-,N,W,F,-,-,-,-,-,-,-,-,-,-,-,-,-,-,-,-,-,-,-,-,F4_TLT25
-,-,-,-,-,-,-,-,-,-,-,-,-,-,-,-,-,-,-,-,-,-,-,-,-,T,T,W,E,A,-,-,-,-,-,-,-,-,-,-,-,-,-,-,-,-,-,-,-,-,-,-,-,-,-,-,-,-,-,-,-,W,D,R,A,-,-,-,-,-,-,-,-,-,-,-,-,-,-,-,-,-,-,-,-,I,A,E,Y,A,A,R,I,E,A,L,L,R,A,L,Q,E,Q,-,-,-,-,-,-,-,-,-,-,-,-,-,-,-,-,-,-,-,-,-,-,-,-,-,-,-,-,-,-,-,-,-,-,-,-,-,-,-,-,-,-,-,-,-,-,-,-,-,-,-,-,-,-,-,-,-,-,-,Q,E,K,N,E,A,A,L,R,-,-,-,-,-,-,-,-,-,-,-,-,E,L,-,-,-,-,-,G,G,G,G,S,G,G,G,G,S,G,G,G,G,S,G,G,G,G,S,G,G,G,-,-,-,-,-,G,S,G,G,G,G,S,-,-,-,-,-,-,-,-,-,Y,T,S,L,I,H,S,L,I,E,E,S,Q,N,Q,Q,E,K,N,E,Q,E,L,L,E,L,D,-,K,W,A,S,L,-,-,-,W,-,N,W,F,-,-,-,-,-,-,-,-,-,-,-,-,-,-,-,-,-,-,-,-,F4_TLT30
-,-,-,-,-,-,-,-,-,-,-,-,-,-,-,-,-,-,-,-,-,-,-,-,-,T,T,W,E,A,-,-,-,-,-,-,-,-,-,-,-,-,-,-,-,-,-,-,-,-,-,-,-,-,-,-,-,-,-,-,-,W,D,R,A,-,-,-,-,-,-,-,-,-,-,-,-,-,-,-,-,-,-,-,-,I,A,E,Y,A,A,R,I,E,A,L,L,R,A,L,Q,E,Q,-,-,-,-,-,-,-,-,-,-,-,-,-,-,-,-,-,-,-,-,-,-,-,-,-,-,-,-,-,-,-,-,-,-,-,-,-,-,-,-,-,-,-,-,-,-,-,-,-,-,-,-,-,-,-,-,-,-,-,Q,E,K,N,E,A,A,L,R,-,-,-,-,-,-,-,-,-,-,-,-,E,L,G,G,G,G,S,C,G,G,G,S,G,G,G,G,S,G,G,G,G,S,G,G,G,G,S,G,G,G,G,S,S,G,S,G,S,G,G,G,G,S,-,-,-,-,-,-,-,-,-,Y,T,S,L,I,H,S,L,I,E,E,S,Q,N,Q,Q,E,K,N,E,Q,E,L,L,E,L,D,-,K,W,A,S,L,-,-,-,W,-,N,W,F,-,-,-,-,-,-,-,-,-,-,-,-,-,-,-,-,-,-,-,-,F4_TLT40
-,-,-,-,-,-,-,-,-,-,-,-,-,-,-,-,-,-,-,-,-,-,-,-,-,T,T,W,E,A,-,-,-,-,-,-,-,-,-,-,-,-,-,-,-,-,-,-,-,-,-,-,-,-,-,-,-,-,-,-,-,W,D,R,A,-,-,-,-,-,-,-,-,-,-,-,-,-,-,-,-,-,-,-,-,I,A,E,Y,A,A,R,I,E,A,L,L,R,A,L,Q,E,Q,-,-,-,-,-,-,-,-,-,-,-,-,-,-,-,-,-,-,-,-,-,-,-,-,-,-,-,-,-,-,-,-,-,-,-,-,-,-,-,-,-,-,-,-,-,-,-,-,-,-,-,-,-,-,-,-,-,-,-,Q,E,K,N,E,A,A,L,R,-,-,-,-,-,-,-,-,-,-,-,-,E,L,G,G,G,G,S,G,G,G,G,S,G,G,G,G,S,G,G,G,G,S,G,G,G,G,S,G,G,G,-,-,-,-,-,G,S,G,G,G,G,S,-,-,-,-,-,-,-,-,-,Y,T,S,L,I,H,S,L,I,E,E,S,Q,N,Q,Q,E,K,N,E,Q,E,L,L,E,L,D,-,K,W,A,S,L,-,-,-,W,-,N,W,F,-,-,-,-,-,-,-,-,-,-,-,-,-,-,-,-,-,-,-,-,F4_TLT35
K,K,V,V,L,G,K,K,G,D,T,V,E,L,T,C,T,A,S,Q,K,K,S,I,Q,F,H,W,K,N,S,N,Q,I,K,I,L,G,N,Q,G,S,F,L,T,K,G,P,S,K,L,N,D,R,A,D,S,R,R,S,L,W,D,Q,G,N,F,P,L,I,I,K,N,L,K,I,E,D,S,D,T,Y,I,C,E,V,E,D,Q,K,E,E,V,Q,L,L,V,F,G,L,T,A,N,S,D,T,H,L,L,Q,G,Q,S,L,T,L,T,L,E,S,P,P,G,S,S,P,S,V,Q,C,R,S,P,R,G,K,N,I,Q,G,G,K,T,L,S,V,S,Q,L,E,L,Q,D,S,G,T,W,T,C,T,V,L,Q,N,Q,K,K,V,E,F,K,I,D,I,V,V,L,A,F,Q,K,A,S,N,T,G,G,G,G,S,G,G,G,G,S,G,G,G,G,S,G,G,G,G,S,G,G,G,G,S,G,G,G,-,-,-,-,-,G,S,G,G,G,G,S,-,-,-,-,-,-,-,-,-,-,-,-,-,L,E,R,L,A,A,E,N,K,E,Q,Q,E,Q,L,A,R,L,L,A,E,I,R,A,A,Y,E,A,I,A,R,D,W,A,E,W,T,T,-,-,-,-,-,-,-,-,-,-,-,-,-,-,-,-,-,-,-,F4_2DLT
-,K,V,V,L,G,K,K,G,D,T,V,E,L,T,C,T,A,S,Q,K,K,S,I,Q,F,H,W,K,N,S,N,Q,I,K,I,L,G,N,Q,G,S,F,L,T,K,G,P,S,K,L,N,D,R,A,D,S,R,R,S,L,W,D,Q,G,N,F,P,L,I,I,K,N,L,K,I,E,D,S,D,T,Y,I,C,E,V,E,D,Q,K,E,E,V,Q,L,L,V,F,G,L,T,A,N,S,D,T,H,L,L,Q,G,Q,S,L,T,L,T,L,E,S,P,P,G,S,S,P,S,V,Q,C,R,S,P,R,G,K,N,I,Q,G,G,K,T,L,S,V,S,Q,L,E,L,Q,D,S,G,T,W,T,C,T,V,L,Q,N,Q,K,K,V,E,F,K,I,D,I,V,V,L,A,F,Q,K,A,S,N,T,G,G,G,G,S,G,G,G,G,S,G,G,G,G,S,G,G,G,G,S,G,G,G,G,S,G,G,G,-,-,-,-,-,G,S,G,G,G,G,S,M,E,W,D,R,E,I,N,N,Y,T,S,L,I,H,S,L,I,E,E,S,Q,N,Q,Q,E,K,N,E,Q,E,L,L,E,L,D,-,K,W,A,S,L,-,-,-,W,-,N,W,F,-,-,-,-,-,-,-,-,-,-,-,-,-,-,-,-,-,-,-,-,F4_sCD4-FIT45
-,-,-,-,-,-,-,-,-,-,-,-,-,-,-,-,-,-,-,-,-,-,-,-,-,-,-,-,-,-,-,-,-,-,-,-,-,-,-,-,-,-,-,-,-,-,-,-,-,-,-,-,-,-,-,-,-,-,-,-,-,-,-,-,-,-,-,-,-,-,-,-,-,-,-,-,-,-,-,-,-,-,-,-,-,-,E,E,L,A,K,K,A,E,E,L,A,K,K,A,E,E,L,-,-,-,-,-,-,-,-,-,-,-,-,-,-,-,-,-,-,-,-,-,-,-,-,-,-,-,-,-,-,-,-,-,-,-,-,-,-,-,-,-,-,-,-,-,-,-,-,-,-,-,-,-,-,-,-,-,-,-,A,K,K,A,E,E,L,A,K,-,-,-,-,-,-,-,-,-,-,-,-,-,-,-,-,-,-,-,-,-,-,-,-,-,-,-,-,-,-,-,-,-,-,-,-,-,-,-,-,-,-,-,-,-,-,-,-,-,-,-,-,-,-,-,-,-,-,-,-,-,-,-,-,-,-,-,-,-,-,-,-,-,-,-,-,-,-,-,-,-,-,-,-,-,-,-,-,-,K,-,A,W,A,S,L,-,-,-,W,-,N,W,F,L,E,A,I,P,M,S,I,P,P,E,V,K,F,N,K,P,F,V,F,F4_4HR-LBD-VIRIP
-,-,-,-,-,-,-,-,-,-,-,-,-,-,-,-,-,-,-,-,-,-,-,-,-,-,-,-,-,-,-,-,-,-,-,-,-,-,-,-,-,-,-,-,-,-,-,-,-,-,-,-,-,-,-,-,-,-,-,-,-,-,-,-,-,-,-,-,-,-,-,-,-,-,-,-,-,-,-,-,-,-,-,-,-,-,E,E,L,A,K,K,A,E,E,L,A,K,K,A,E,E,L,-,-,-,-,-,-,-,-,-,-,-,-,-,-,-,-,-,-,-,-,-,-,-,-,-,-,-,-,-,-,-,-,-,-,-,-,-,-,-,-,-,-,-,-,-,-,-,-,-,-,-,-,-,-,-,-,-,-,-,A,K,K,A,E,E,L,A,K,-,-,-,-,-,-,-,-,-,-,-,-,-,-,-,-,-,-,-,-,-,-,-,-,-,-,-,-,-,-,-,-,-,-,-,-,-,-,-,-,-,-,-,-,-,-,-,-,-,-,-,-,-,-,-,-,-,-,-,-,-,-,-,-,-,-,-,-,-,-,-,-,-,-,-,-,-,-,-,-,-,-,-,-,-,-,-,-,-,K,-,A,W,A,S,L,-,-,-,W,-,N,W,F,-,-,-,-,-,-,-,-,-,-,-,-,-,-,-,-,-,-,-,-,F4_4HR-LBD
